0.000000,res1,sumRes1,res2,sumRes2,res3,sumRes3,res4,sumRes4,res5,sumRes5
0.003962,3.0097940000000003,6.019588000000001,,,,,,,,
0.008353,3.0204690000000003,6.040938000000001,,,,,,,,
0.013221,3.032081,6.064162,,,,,,,,
0.018622,3.0447100000000002,6.0894200000000005,,,,,,,,
0.024617,3.058421,6.116842,,,,,,,,
0.031274,3.0732740000000005,6.146548000000001,,,,,,,,
0.038671,3.0893669999999998,6.1787339999999995,,,,,,,,
0.046893,3.1067489999999998,6.2134979999999995,,,,,,,,
0.056036,3.125499,6.250998,,,,,,,,
0.066209,3.145677,6.291354,,,,,,,,
0.077532,3.167347,6.334694,,,,,,,,
0.090137,3.1905580000000002,6.3811160000000005,,,,,,,,
0.104175,3.215351,6.430702,,,,,,,,
0.119811,3.24176,6.48352,,,,,,,,
0.137228,3.2697950000000002,6.5395900000000005,,,,,,,,
0.156629,3.299454,6.598908,,,,,,,,
0.178239,3.330707,6.661414,,,,,,,,
0.202305,3.3634959999999996,6.726991999999999,,,,,,,,
0.229098,3.3977629999999994,6.795525999999999,,,,,,,,
0.258916,3.4333829999999996,6.866765999999999,,,,,,,,
0.292084,3.4701959999999996,6.940391999999999,,,,,,,,
0.328955,3.508045,7.01609,,,,,,,,
0.369916,3.546687,7.093374,,,,,,,,
0.415381,3.5858742,7.1717484,,,,,,,,
0.4658,3.6253054999999996,7.250610999999999,,,,,,,,
0.521655,3.6646758999999998,7.3293517999999995,,,,,,,,
0.583467,3.7036265,7.407253,,,,,,,,
0.651792,3.7418221,7.4836442,,,,,,,,
0.727231,3.7789149999999996,7.557829999999999,,,,,,,,
0.81043,3.8145906000000003,7.6291812000000006,,,,,,,,
0.902088,3.8485743,7.6971486,,,,,,,,
1.002965,3.8806152000000003,7.7612304000000005,,,,,,,,
1.113887,3.9105340999999996,7.821068199999999,,,,,,,,
1.235754,3.9381876,7.8763752,,,,,,,,
1.369546,3.9634641999999998,7.9269283999999995,,,,,,,,
1.51633,3.9863213,7.9726426,,,,,,,,
1.677269,4.0067212,8.0134424,,,,,,,,
1.853626,4.0246388,8.0492776,,,,,,,,
2.046781,4.04010524,8.08021048,,,,,,,,
2.258243,4.053141780000001,8.106283560000001,,,,,,,,
2.489665,4.063835780000001,8.127671560000001,,,,,,,,
2.742868,4.07226559,8.14453118,,,,,,,,
3.019855,4.07856252,8.15712504,,,,,,,,
3.322833,4.082865920000001,8.165731840000001,,,,,,,,
3.654233,4.085328784,8.170657568,,,,,,,,
4.016733,4.0861288600000005,8.172257720000001,,,,,,,,
4.413292,4.085453383,8.170906766,,,,,,,,
4.847192,4.0835089662,8.1670179324,,,,,,,,
5.322099,4.0805150402,8.1610300804,,,,,,,,
5.842119,4.0767384933,8.1534769866,,,,,,,,
6.411881,4.07245563674,8.14491127348,,,,,,,,
7.036592,4.06795766018,8.13591532036,,,,,,,,
7.722097,4.063533538368,8.127067076736,,,,,,,,
8.474905,4.059422407799,8.118844815598,,,,,,,,
9.302191,4.0558239198689,8.1116478397378,,,,,,,,
10.211778,4.05283596618153,8.10567193236306,,,,,,,,
11.212089,4.05045830342841,8.10091660685682,,,,,,,,
12.312106,4.048578868208701,8.097157736417403,,,,,,,,
13.521346,4.047009580025063,8.094019160050125,,,,,,,,
14.849883,4.045494255802426,8.090988511604852,,,,,,,,
16.308449,4.0437769298001855,8.087553859600371,,,,,,,,
17.908631,4.04161386578001,8.08322773156002,,,,,,,,
19.663162,4.03884930618,8.07769861236,,,,,,,,
21.586292,4.035436314738,8.070872629476,,,,,,,,
23.694179,4.031445429161999,8.062890858323998,,,,,,,,
26.005262,4.0270411565448,8.0540823130896,,,,,,,,
28.540553,4.02246010924554,8.04492021849108,,,,,,,,
31.32382,4.0179717826295125,8.035943565259025,,,,,,,,
34.381662,4.013816201692128,8.027632403384256,,,,,,,,
37.743527,4.010174856336529,8.020349712673058,,,,,,,,
41.441698,4.007158533850669,8.014317067701338,,,,,,,,
45.511338,4.004800853853537,8.009601707707073,,,,,,,,
49.990624,4.003053868356887,8.006107736713775,,,,,,,,
54.921004,4.001838843723464,8.003677687446928,,,,,,,,
60.347585,4.001040702196902,8.002081404393804,,,,,,,,
66.319623,4.000552794918074,8.001105589836149,,,,,,,,
72.8911,4.000272735301305,8.00054547060261,,,,,,,,
80.12135,4.000124295900072,8.000248591800144,,,,,,,,
88.075698,4.000051392780002,8.000102785560005,,,,,,,,
96.826124,4.00002127117,8.00004254234,,,,,,,,
106.451943,4.000005232462,8.000010464924,,,,,,,,
117.040515,4.0000034151693,8.0000068303386,,,,,,,,
128.688018,3.9999991152808,7.9999982305616,,,,,,,,
141.5003,4.00000074780556,8.00000149561112,,,,,,,,
155.593819,4.000000155833438,8.000000311666875,,,,,,,,
171.096694,4.000000027787366,8.000000055574732,,,,,,,,
188.149857,4.0000000041732315,8.000000008346463,,,,,,,,
206.908336,4.000000000518782,8.000000001037565,,,,,,,,
227.542664,4.000000000052372,8.000000000104745,,,,,,,,
250.240424,4.000000000004205,8.00000000000841,,,,,,,,
275.20796,4.000000000000262,8.000000000000524,,,,,,,,
302.672249,4.000000000000012,8.000000000000025,,,,,,,,
332.882968,4.0,8.0,,,,,,,,
366.114758,4.0,8.0,,,,,,,,
402.669728,4.0,8.0,,,,,,,,
442.880194,4.0,8.0,,,,,,,,
487.111708,4.0,8.0,,,,,,,,
535.766372,4.0,8.0,,,,,,,,
589.286503,4.0,8.0,,,,,,,,
648.158647,4.0,8.0,,,,,,,,
712.918005,4.0,8.0,,,,,,,,
784.153299,4.0,8.0,,,,,,,,
862.512123,4.0,8.0,,,,,,,,
948.706829,4.0,8.0,,,,,,,,
1043.521005,4.0,8.0,,,,,,,,
1147.8166,4.0,8.0,,,,,,,,
1262.541753,4.0,8.0,,,,,,,,
1388.739422,4.0,8.0,,,,,,,,
1527.556858,4.0,8.0,,,,,,,,
1680.256038,4.0,8.0,,,,,,,,
1848.225135,4.0,8.0,,,,,,,,
2032.991142,4.0,8.0,,,,,,,,
2236.23375,4.0,8.0,,,,,,,,
2459.800619,4.0,8.0,,,,,,,,
2705.724174,4.0,8.0,,,,,,,,
2976.240085,4.0,8.0,,,,,,,,
3273.807587,4.0,8.0,,,,,,,,
3601.13184,4.0,8.0,,,,,,,,
3961.188518,4.0,8.0,,,,,,,,
4357.250863,4.0,8.0,,,,,,,,
4792.919443,4.0,8.0,,,,,,,,
5272.154881,4.0,8.0,,,,,,,,
5799.313863,4.0,8.0,,,,,,,,
6379.188743,4.0,8.0,,,,,,,,
7017.05111,4.0,8.0,,,,,,,,
7718.699715,4.0,8.0,,,,,,,,
8490.51318,4.0,8.0,,,,,,,,
9339.507992,4.0,8.0,,,,,,,,
10273.402285,4.0,8.0,,,,,,,,
11300.686007,4.0,8.0,,,,,,,,
12430.698101,4.0,8.0,,,,,,,,
13673.711405,4.0,8.0,,,,,,,,
15041.026039,4.0,8.0,,,,,,,,
16545.072137,4.0,8.0,,,,,,,,
18199.522844,4.0,8.0,,,,,,,,
20019.418622,4.0,8.0,,,,,,,,
22021.303978,4.0,8.0,,,,,,,,
24223.37787,4.0,8.0,,,,,,,,
26645.65915,4.0,8.0,,,,,,,,
29310.168559,4.0,8.0,,,,,,,,
32241.128909,4.0,8.0,,,,,,,,
35465.185293,4.0,8.0,,,,,,,,
39011.647316,4.0,8.0,,,,,,,,
42912.755541,4.0,8.0,,,,,,,,
47203.974589,4.0,8.0,,,,,,,,
51924.315542,4.0,8.0,,,,,,,,
57116.69059,4.0,8.0,,,,,,,,
62828.303142,4.0,8.0,,,,,,,,
69111.07695,4.0,8.0,,,,,,,,
76022.128139,4.0,8.0,,,,,,,,
83624.284446,4.0,8.0,,,,,,,,
91986.656385,4.0,8.0,,,,,,,,
101185.265517,4.0,8.0,,,,,,,,
111303.735562,4.0,8.0,,,,,,,,
122434.052612,4.0,8.0,,,,,,,,
134677.401367,4.0,8.0,,,,,,,,
148145.084997,4.0,8.0,,,,,,,,
162959.536991,4.0,8.0,,,,,,,,
179255.434183,4.0,8.0,,,,,,,,
197180.921095,4.0,8.0,,,,,,,,
216898.956698,4.0,8.0,,,,,,,,
238588.795862,4.0,8.0,,,,,,,,
262447.618942,4.0,8.0,,,,,,,,
288692.32433,4.0,8.0,,,,,,,,
317561.500256,4.0,8.0,,,,,,,,
349317.593776,4.0,8.0,,,,,,,,
384249.296647,4.0,8.0,,,,,,,,
422674.169805,4.0,8.0,,,,,,,,
464941.530279,4.0,8.0,,,,,,,,
511435.626801,4.0,8.0,,,,,,,,
562579.132975,4.0,8.0,,,,,,,,
618836.989766,4.0,8.0,,,,,,,,
680720.632236,4.0,8.0,,,,,,,,
748792.638953,4.0,8.0,,,,,,,,
823671.846342,4.0,8.0,,,,,,,,
906038.97447,4.0,8.0,,,,,,,,
996642.815411,4.0,8.0,,,,,,,,
1096307.040446,4.0,8.0,,,,,,,,
0.0,,,,,,,,,,
0.006414,,,3.0086319999999995,9.025896,,,,,,
0.013548,,,3.0180179999999996,9.054053999999999,,,,,,
0.02149,,,3.0282359999999997,9.084708,,,,,,
0.03034,,,3.0393380000000003,9.118014,,,,,,
0.040211,,,3.051383,9.154149,,,,,,
0.051232,,,3.064419,9.193257,,,,,,
0.063548,,,3.07852,9.23556,,,,,,
0.077326,,,3.0937290000000006,9.281187000000003,,,,,,
0.092755,,,3.110094,9.330282,,,,,,
0.110049,,,3.1276589999999995,9.382976999999999,,,,,,
0.129452,,,3.146459,9.439377,,,,,,
0.151242,,,3.1665029999999996,9.499509,,,,,,
0.175731,,,3.187799,9.563397,,,,,,
0.203272,,,3.210326,9.630977999999999,,,,,,
0.234262,,,3.2340400000000002,9.70212,,,,,,
0.269145,,,3.258858,9.776574,,,,,,
0.308415,,,3.284682,9.854046,,,,,,
0.352616,,,3.3113729999999997,9.934118999999999,,,,,,
0.402345,,,3.338744,10.016232,,,,,,
0.458249,,,3.3665659999999997,10.099698,,,,,,
0.521023,,,3.3946009999999998,10.183803,,,,,,
0.591404,,,3.422544,10.267631999999999,,,,,,
0.670165,,,3.450101,10.350303,,,,,,
0.758105,,,3.4769129000000003,10.430738700000001,,,,,,
0.856045,,,3.5026648999999996,10.5079947,,,,,,
0.964819,,,3.5270332,10.5810996,,,,,,
1.08527,,,3.5497159,10.6491477,,,,,,
1.21825,,,3.5704567000000003,10.7113701,,,,,,
1.36463,,,3.5890583,10.7671749,,,,,,
1.525306,,,3.6053757,10.816127100000001,,,,,,
1.701227,,,3.6193149,10.857944700000001,,,,,,
1.893412,,,3.6308686,10.8926058,,,,,,
2.102984,,,3.6400817999999995,10.920245399999999,,,,,,
2.331197,,,3.6470418999999996,10.941125699999999,,,,,,
2.579466,,,3.6519011,10.9557033,,,,,,
2.849398,,,3.6548197,10.9644591,,,,,,
3.142809,,,3.6560006999999994,10.968002099999998,,,,,,
3.461756,,,3.6556566,10.9669698,,,,,,
3.808556,,,3.6539935,10.9619805,,,,,,
4.185812,,,3.6512272,10.9536816,,,,,,
4.596445,,,3.64757856,10.94273568,,,,,,
5.043724,,,3.64325427,10.92976281,,,,,,
5.531306,,,3.6384410499999995,10.915323149999999,,,,,,
6.063263,,,3.63331576,10.89994728,,,,,,
6.644113,,,3.6280527900000004,10.884158370000002,,,,,,
7.278835,,,3.6227700900000004,10.868310270000002,,,,,,
7.972881,,,3.6175726029999997,10.852717809,,,,,,
8.732196,,,3.6125300150000004,10.837590045,,,,,,
9.563245,,,3.6076843789999997,10.823053136999999,,,,,,
10.473078,,,3.603054983,10.809164949,,,,,,
11.469444,,,3.5986483930999995,10.795945179299999,,,,,,
12.560959,,,3.5944956108,10.783486832400001,,,,,,
13.757319,,,3.5906383242,10.7719149726,,,,,,
15.069553,,,3.58714487341,10.76143462023,,,,,,
16.510266,,,3.5841161925800002,10.752348577740001,,,,,,
18.093853,,,3.581671508383,10.745014525149001,,,,,,
19.836633,,,3.5799455252161,10.7398365756483,,,,,,
21.756906,,,3.5790260885569,10.7370782656707,,,,,,
23.874925,,,3.5789953429601504,10.736986028880452,,,,,,
26.212829,,,3.5798549094895407,10.739564728468622,,,,,,
28.794586,,,3.581573052295744,10.744719156887232,,,,,,
31.646002,,,3.5840565806069455,10.752169741820836,,,,,,
34.794863,,,3.5871655529710105,10.761496658913032,,,,,,
38.271191,,,3.590761195640073,10.772283586920219,,,,,,
42.107625,,,3.5946948472296043,10.784084541688813,,,,,,
46.33987,,,3.5988513349684963,10.796554004905488,,,,,,
51.007168,,,3.60311985195391,10.80935955586173,,,,,,
56.15276,,,3.6074255508738036,10.822276652621412,,,,,,
61.824335,,,3.6117151486022756,10.835145445806827,,,,,,
68.074462,,,3.615948392939462,10.847845178818385,,,,,,
74.961047,,,3.6200990497122123,10.860297149136636,,,,,,
82.547809,,,3.6241392371809207,10.872417711542763,,,,,,
90.904829,,,3.6280626303511636,10.884187891053491,,,,,,
100.109156,,,3.6318513712407934,10.89555411372238,,,,,,
110.245486,,,3.6355010726283243,10.906503217884973,,,,,,
121.406928,,,3.6389970120237556,10.916991036071266,,,,,,
133.695837,,,3.6423360016566164,10.92700800496985,,,,,,
147.224751,,,3.6455160001865097,10.93654800055953,,,,,,
162.11741,,,3.648532000016817,10.94559600005045,,,,,,
178.509883,,,3.651386000001188,10.954158000003563,,,,,,
196.551809,,,3.654078000000064,10.962234000000192,,,,,,
216.407759,,,3.656610000000003,10.969830000000009,,,,,,
238.258735,,,3.6589859999999996,10.976958,,,,,,
262.303821,,,3.6612099999999996,10.983629999999998,,,,,,
288.761998,,,3.6632869999999995,10.989860999999998,,,,,,
317.874135,,,3.665223,10.995669,,,,,,
349.905187,,,3.6670239999999996,11.001071999999999,,,,,,
385.146608,,,3.6686959999999997,11.006087999999998,,,,,,
423.918999,,,3.670245,11.010735,,,,,,
466.575034,,,3.671679,11.015037,,,,,,
513.502663,,,3.673004,11.019012,,,,,,
565.128647,,,3.674227,11.022681,,,,,,
621.922437,,,3.675354,11.026062,,,,,,
684.400448,,,3.6763909999999997,11.029173,,,,,,
753.130751,,,3.677345,11.032035,,,,,,
828.738246,,,3.678222,11.034666,,,,,,
911.910337,,,3.679026,11.037078,,,,,,
1003.403191,,,3.6797640000000005,11.039292000000001,,,,,,
1104.048607,,,3.68044,11.041319999999999,,,,,,
1214.761583,,,3.68106,11.04318,,,,,,
1336.548634,,,3.6816259999999996,11.044877999999999,,,,,,
1470.516943,,,3.6821450000000002,11.046435,,,,,,
1617.884427,,,3.682619,11.047857,,,,,,
1779.99081,,,3.683052,11.049156,,,,,,
1958.309802,,,3.683447,11.050341,,,,,,
2154.4625,,,3.683808,11.051424,,,,,,
2370.23212,,,3.6841369999999998,11.052411,,,,,,
2607.580215,,,3.684438,11.053314,,,,,,
2868.664503,,,3.684712,11.054136,,,,,,
3155.858483,,,3.6849619999999996,11.054886,,,,,,
3471.773016,,,3.6851899999999995,11.05557,,,,,,
3819.280056,,,3.685397,11.056191,,,,,,
4201.538763,,,3.685587,11.056761,,,,,,
4622.024218,,,3.685759,11.057277,,,,,,
5084.559019,,,3.6859159999999997,11.057748,,,,,,
5593.34803,,,3.686059,11.058177,,,,,,
6153.016609,,,3.686189,11.058567,,,,,,
6768.652651,,,3.6863070000000002,11.058921000000002,,,,,,
7445.852851,,,3.686415,11.059245,,,,,,
8190.773574,,,3.686513,11.059539000000001,,,,,,
9010.186827,,,3.686602,11.059806,,,,,,
9911.541824,,,3.6866839999999996,11.060051999999999,,,,,,
10903.032701,,,3.686758,11.060274,,,,,,
11993.673011,,,3.686825,11.060475,,,,,,
13193.377668,,,3.686886,11.060658,,,,,,
14513.053077,,,3.686942,11.060826,,,,,,
15964.696288,,,3.686992,11.060976,,,,,,
17561.504057,,,3.6870380000000003,11.061114,,,,,,
19317.99282,,,3.68708,11.06124,,,,,,
21250.130655,,,3.687118,11.061354,,,,,,
23375.482453,,,3.687153,11.061459,,,,,,
25713.369594,,,3.6871840000000002,11.061552,,,,,,
28285.045596,,,3.687213,11.061639,,,,,,
31113.889333,,,3.687239,11.061717,,,,,,
34225.617566,,,3.6872629999999997,11.061789,,,,,,
37648.518735,,,3.687284,11.061852,,,,,,
41413.710121,,,3.687304,11.061912,,,,,,
45555.420738,,,3.687322,11.061966,,,,,,
50111.3025,,,3.687338,11.062014,,,,,,
55122.772515,,,3.687353,11.062059,,,,,,
60635.3896,,,3.687366,11.062097999999999,,,,,,
66699.268457,,,3.6873780000000003,11.062134,,,,,,
73369.535257,,,3.6873890000000005,11.062167000000002,,,,,,
80706.828789,,,3.687399,11.062197000000001,,,,,,
88777.851722,,,3.687408,11.062224,,,,,,
97655.976991,,,3.687417,11.062251,,,,,,
107421.914826,,,3.687424,11.062272,,,,,,
118164.44648,,,3.687431,11.062293,,,,,,
129981.231332,,,3.687437,11.062311000000001,,,,,,
142979.694698,,,3.687443,11.062329,,,,,,
157278.004428,,,3.687448,11.062344,,,,,,
173006.145155,,,3.687453,11.062359,,,,,,
190307.099977,,,3.687457,11.062371,,,,,,
209338.150302,,,3.687461,11.062383,,,,,,
230272.305677,,,3.687465,11.062395,,,,,,
253299.876606,,,3.687468,11.062404,,,,,,
278630.204643,,,3.6874710000000004,11.062413000000001,,,,,,
306493.565498,,,3.687473,11.062418999999998,,,,,,
337143.26245,,,3.687476,11.062428,,,,,,
370857.929109,,,3.6874780000000005,11.062434000000001,,,,,,
407944.062445,,,3.68748,11.062439999999999,,,,,,
448738.809123,,,3.687482,11.062446000000001,,,,,,
493613.030478,,,3.687484,11.062452,,,,,,
542974.673976,,,3.687485,11.062455,,,,,,
597272.481831,,,3.6874860000000003,11.062458000000001,,,,,,
657000.070477,,,3.687488,11.062464,,,,,,
722700.417994,,,3.6874890000000002,11.062467000000002,,,,,,
794970.800269,,,3.6874900000000004,11.062470000000001,,,,,,
874468.220775,,,3.6874909999999996,11.062472999999999,,,,,,
961915.383336,,,3.6874919999999998,11.062476,,,,,,
1058107.262158,,,3.6874919999999998,11.062476,,,,,,
0.0,,,,,,,,,,
0.011405,,,,,3.0045970000000004,12.018388000000002,,,,
0.024076,,,,,3.009524,12.038096,,,,
0.038161,,,,,3.014785,12.05914,,,,
0.053827,,,,,3.0203900000000004,12.081560000000001,,,,
0.071259,,,,,3.026334,12.105336,,,,
0.090667,,,,,3.032623,12.130492,,,,
0.112283,,,,,3.0392390000000002,12.156956000000001,,,,
0.136367,,,,,3.046162,12.184648,,,,
0.163209,,,,,3.053379,12.213516,,,,
0.193129,,,,,3.0608420000000005,12.243368000000002,,,,
0.226482,,,,,3.0685130000000003,12.274052000000001,,,,
0.26366,,,,,3.076345,12.30538,,,,
0.305093,,,,,3.084263,12.337052,,,,
0.351252,,,,,3.092187,12.368748,,,,
0.402647,,,,,3.1000490000000003,12.400196000000001,,,,
0.459836,,,,,3.107754,12.431016,,,,
0.523417,,,,,3.1151839999999997,12.460735999999999,,,,
0.594034,,,,,3.1222519999999996,12.489007999999998,,,,
0.672376,,,,,3.128843,12.515372,,,,
0.759175,,,,,3.1348510000000003,12.539404000000001,,,,
0.855206,,,,,3.140175,12.5607,,,,
0.961287,,,,,3.144718,12.578872,,,,
1.078277,,,,,3.148403,12.593612,,,,
1.207074,,,,,3.1511427999999997,12.604571199999999,,,,
1.348616,,,,,3.1528866000000004,12.611546400000002,,,,
1.503884,,,,,3.1536048,12.6144192,,,,
1.673899,,,,,3.1532802,12.6131208,,,,
1.859737,,,,,3.151919,12.607676,,,,
2.062534,,,,,3.1495623999999998,12.598249599999999,,,,
2.283502,,,,,3.1462506,12.5850024,,,,
2.523952,,,,,3.1420618,12.5682472,,,,
2.78532,,,,,3.1370866,12.5483464,,,,
3.069197,,,,,3.1314422,12.5257688,,,,
3.37737,,,,,3.1252483,12.5009932,,,,
3.711856,,,,,3.1186331999999997,12.474532799999999,,,,
4.074941,,,,,3.11173,12.44692,,,,
4.469217,,,,,3.1046791000000002,12.418716400000001,,,,
4.897615,,,,,3.0975992,12.3903968,,,,
5.363431,,,,,3.09061,12.36244,,,,
5.870349,,,,,3.0838077,12.3352308,,,,
6.422464,,,,,3.07726858,12.30907432,,,,
7.02431,,,,,3.0710621400000004,12.284248560000002,,,,
7.680895,,,,,3.0652236799999995,12.260894719999998,,,,
8.39775,,,,,3.05978372,12.23913488,,,,
9.180989,,,,,3.05475388,12.21901552,,,,
10.037391,,,,,3.05014706,12.20058824,,,,
10.974474,,,,,3.045957108,12.183828432,,,,
12.000574,,,,,3.04218699,12.16874796,,,,
13.124899,,,,,3.0388193359999995,12.155277343999998,,,,
14.357574,,,,,3.0358411432,12.1433645728,,,,
15.709652,,,,,3.0332203378000004,12.132881351200002,,,,
17.193117,,,,,3.0309120522,12.1236482088,,,,
18.820891,,,,,3.02886067656,12.11544270624,,,,
20.606856,,,,,3.02699766358,12.10799065432,,,,
22.565902,,,,,3.025248753556,12.100995014224,,,,
24.714038,,,,,3.0235487535759993,12.094195014303997,,,,
27.068542,,,,,3.0218434519237998,12.087373807695199,,,,
29.648188,,,,,3.0200814074290006,12.080325629716002,,,,
32.473541,,,,,3.0182341674204793,12.072936669681917,,,,
35.567346,,,,,3.016294636381814,12.065178545527257,,,,
38.955016,,,,,3.0142711254715153,12.057084501886061,,,,
42.665209,,,,,3.012192823289393,12.048771293157571,,,,
46.730476,,,,,3.010108930122153,12.040435720488611,,,,
51.187878,,,,,3.008088024460059,12.032352097840237,,,,
56.07945,,,,,3.006211741505276,12.024846966021103,,,,
61.452403,,,,,3.004551850289497,12.018207401157987,,,,
67.359044,,,,,3.003170380779215,12.01268152311686,,,,
73.856552,,,,,3.002086203297568,12.008344813190272,,,,
81.00685,,,,,3.0012913684329,12.0051654737316,,,,
88.876775,,,,,3.000750606046122,12.003002424184489,,,,
97.538646,,,,,3.0004068000039084,12.001627200015633,,,,
107.07114,,,,,3.0002031224002574,12.00081248960103,,,,
117.56035,,,,,3.000094816800013,12.000379267200053,,,,
129.100893,,,,,3.0000394691400003,12.000157876560001,,,,
141.796995,,,,,3.00001530638,12.00006122552,,,,
155.763548,,,,,3.000005441894,12.000021767576,,,,
171.127179,,,,,3.000002026812,12.000008107248,,,,
188.02736,,,,,2.999999167477,11.999996669908,,,,
206.617634,,,,,3.0000005145594,12.0000020582376,,,,
227.06696,,,,,3.00000010601034,12.00000042404136,,,,
249.561225,,,,,3.00000001868408,12.00000007473632,,,,
274.30492,,,,,3.0000000027729437,12.000000011091775,,,,
301.522984,,,,,3.0000000003405574,12.00000000136223,,,,
331.462855,,,,,3.000000000033954,12.000000000135817,,,,
364.396713,,,,,3.0000000000026907,12.000000000010763,,,,
400.623956,,,,,3.0000000000001656,12.000000000000663,,,,
440.473924,,,,,3.0000000000000075,12.00000000000003,,,,
484.308889,,,,,3.0000000000000004,12.000000000000002,,,,
532.52735,,,,,3.0,12.0,,,,
585.567658,,,,,3.0,12.0,,,,
643.911996,,,,,3.0,12.0,,,,
708.090768,,,,,3.0,12.0,,,,
778.687417,,,,,3.0,12.0,,,,
856.343731,,,,,3.0,12.0,,,,
941.765676,,,,,3.0,12.0,,,,
1035.729816,,,,,3.0,12.0,,,,
1139.09037,,,,,3.0,12.0,,,,
1252.78698,,,,,3.0,12.0,,,,
1377.85325,,,,,3.0,12.0,,,,
1515.426148,,,,,3.0,12.0,,,,
1666.756335,,,,,3.0,12.0,,,,
1833.219541,,,,,3.0,12.0,,,,
2016.329067,,,,,3.0,12.0,,,,
2217.749546,,,,,3.0,12.0,,,,
2439.312073,,,,,3.0,12.0,,,,
2683.030853,,,,,3.0,12.0,,,,
2951.12151,,,,,3.0,12.0,,,,
3246.021234,,,,,3.0,12.0,,,,
3570.410929,,,,,3.0,12.0,,,,
3927.239595,,,,,3.0,12.0,,,,
4319.751126,,,,,3.0,12.0,,,,
4751.513812,,,,,3.0,12.0,,,,
5226.452765,,,,,3.0,12.0,,,,
5748.885614,,,,,3.0,12.0,,,,
6323.561748,,,,,3.0,12.0,,,,
6955.705495,,,,,3.0,12.0,,,,
7651.063617,,,,,3.0,12.0,,,,
8415.957551,,,,,3.0,12.0,,,,
9257.340878,,,,,3.0,12.0,,,,
10182.862538,,,,,3.0,12.0,,,,
11200.936364,,,,,3.0,12.0,,,,
12320.817573,,,,,3.0,12.0,,,,
13552.686903,,,,,3.0,12.0,,,,
14907.743165,,,,,3.0,12.0,,,,
16398.305054,,,,,3.0,12.0,,,,
18037.923132,,,,,3.0,12.0,,,,
19841.503018,,,,,3.0,12.0,,,,
21825.440892,,,,,3.0,12.0,,,,
24007.772553,,,,,3.0,12.0,,,,
26408.337381,,,,,3.0,12.0,,,,
29048.958691,,,,,3.0,12.0,,,,
31953.642133,,,,,3.0,12.0,,,,
35148.793919,,,,,3.0,12.0,,,,
38663.460883,,,,,3.0,12.0,,,,
42529.594543,,,,,3.0,12.0,,,,
46782.34157,,,,,3.0,12.0,,,,
51460.363299,,,,,3.0,12.0,,,,
56606.187202,,,,,3.0,12.0,,,,
62266.593494,,,,,3.0,12.0,,,,
68493.040416,,,,,3.0,12.0,,,,
75342.13203,,,,,3.0,12.0,,,,
82876.132805,,,,,3.0,12.0,,,,
91163.533658,,,,,3.0,12.0,,,,
100279.674596,,,,,3.0,12.0,,,,
110307.429628,,,,,3.0,12.0,,,,
121337.960164,,,,,3.0,12.0,,,,
133471.543752,,,,,3.0,12.0,,,,
146818.4857,,,,,3.0,12.0,,,,
161500.121842,,,,,3.0,12.0,,,,
177649.921599,,,,,3.0,12.0,,,,
195414.701331,,,,,3.0,12.0,,,,
214955.959036,,,,,3.0,12.0,,,,
236451.342512,,,,,3.0,12.0,,,,
260096.264336,,,,,3.0,12.0,,,,
286105.678342,,,,,3.0,12.0,,,,
314716.033748,,,,,3.0,12.0,,,,
346187.424696,,,,,3.0,12.0,,,,
380805.954738,,,,,3.0,12.0,,,,
418886.337784,,,,,3.0,12.0,,,,
460774.759134,,,,,3.0,12.0,,,,
506852.02262,,,,,3.0,12.0,,,,
557537.012455,,,,,3.0,12.0,,,,
613290.501272,,,,,3.0,12.0,,,,
674619.338972,,,,,3.0,12.0,,,,
742081.060442,,,,,3.0,12.0,,,,
816288.954058,,,,,3.0,12.0,,,,
897917.637036,,,,,3.0,12.0,,,,
987709.188312,,,,,3.0,12.0,,,,
1086479.894716,,,,,3.0,12.0,,,,
0.0,,,,,,,,,,
0.014671,,,,,,,2.995701,14.978505,,
0.030842,,,,,,,2.991088,14.95544,,
0.048665,,,,,,,2.986149,14.930745000000002,,
0.068309,,,,,,,2.980874,14.90437,,
0.089962,,,,,,,2.975245,14.876225000000002,,
0.113829,,,,,,,2.969265,14.846325,,
0.140134,,,,,,,2.9629269999999996,14.814634999999999,,
0.169126,,,,,,,2.956214,14.78107,,
0.201078,,,,,,,2.9491449999999997,14.745724999999998,,
0.236289,,,,,,,2.9417,14.7085,,
0.27509,,,,,,,2.933903,14.669515,,
0.31784,,,,,,,2.925739,14.628695,,
0.364938,,,,,,,2.9172320000000003,14.586160000000001,,
0.416818,,,,,,,2.908372,14.54186,,
0.473956,,,,,,,2.8992010000000006,14.496005000000004,,
0.536873,,,,,,,2.8897000000000004,14.448500000000003,,
0.60614,,,,,,,2.879906,14.39953,,
0.682376,,,,,,,2.8698211999999996,14.349105999999999,,
0.766256,,,,,,,2.8594762,14.297381,,
0.858512,,,,,,,2.8488784000000003,14.244392000000001,,
0.959936,,,,,,,2.8380552,14.190275999999999,,
1.07138,,,,,,,2.8270204,14.135102,,
1.193761,,,,,,,2.8158178,14.079089,,
1.328058,,,,,,,2.8044634,14.022317,,
1.475319,,,,,,,2.7929927999999995,13.964963999999998,,
1.636657,,,,,,,2.78144,13.9072,,
1.813259,,,,,,,2.7698574000000002,13.849287,,
2.006385,,,,,,,2.7582835,13.791417500000001,,
2.217377,,,,,,,2.7467734999999998,13.733867499999999,,
2.447672,,,,,,,2.7353896000000004,13.676948000000003,,
2.698809,,,,,,,2.7241806,13.620903,,
2.972454,,,,,,,2.7132188000000004,13.566094000000001,,
3.270415,,,,,,,2.7025575,13.512787500000002,,
3.594674,,,,,,,2.6922567,13.4612835,,
3.947414,,,,,,,2.6823756999999997,13.411878499999998,,
4.331053,,,,,,,2.6729539,13.3647695,,
4.748283,,,,,,,2.6640259599999996,13.320129799999998,,
5.202104,,,,,,,2.65562866,13.2781433,,
5.695868,,,,,,,2.64777248,13.2388624,,
6.23332,,,,,,,2.64046792,13.202339599999998,,
6.818629,,,,,,,2.63370076,13.1685038,,
7.456434,,,,,,,2.6274652000000005,13.137326000000002,,
8.151873,,,,,,,2.6217285400000003,13.1086427,,
8.910624,,,,,,,2.6164609180000005,13.082304590000003,,
9.738945,,,,,,,2.611624006,13.05812003,,
10.643713,,,,,,,2.6071829619999995,13.035914809999998,,
11.63249,,,,,,,2.6030927075999997,13.015463537999999,,
12.713586,,,,,,,2.5993205836,12.996602918,,
13.896164,,,,,,,2.5958481216,12.979240608,,
15.190346,,,,,,,2.59266629106,12.9633314553,,
16.607361,,,,,,,2.5897946703800003,12.948973351900001,,
18.159691,,,,,,,2.5872592151799996,12.936296075899998,,
19.861237,,,,,,,2.58511351138,12.925567556899999,,
21.727465,,,,,,,2.5834146428832003,12.917073214416002,,
23.775534,,,,,,,2.5822102652038,12.911051326019,,
26.024413,,,,,,,2.5815438220917404,12.907719110458702,,
28.494988,,,,,,,2.5814185116248014,12.907092558124006,,
31.21019,,,,,,,2.581812187187801,12.909060935939005,,
34.195155,,,,,,,2.58266907621841,12.91334538109205,,
37.477421,,,,,,,2.5839053536063714,12.919526768031858,,
41.08718,,,,,,,2.5854283655144648,12.927141827572324,,
45.057543,,,,,,,2.5871441793030256,12.935720896515129,,
49.424852,,,,,,,2.5889650707259007,12.944825353629504,,
54.229013,,,,,,,2.590825111533855,12.954125557669276,,
59.513862,,,,,,,2.592670576234535,12.963352881172675,,
65.327569,,,,,,,2.594465539738087,12.972327698690435,,
71.723082,,,,,,,2.5961950851781666,12.980975425890833,,
78.758612,,,,,,,2.5978400201552048,12.989200100776024,,
86.498171,,,,,,,2.5993934837679102,12.996967418839551,,
95.012156,,,,,,,2.600861676078501,13.004308380392505,,
104.377998,,,,,,,2.60223854754388,13.0111927377194,,
114.680863,,,,,,,2.603527370184318,13.01763685092159,,
126.014434,,,,,,,2.604732076682461,13.023660383412306,,
138.48176,,,,,,,2.6058550135593013,13.029275067796506,,
152.196194,,,,,,,2.606900002014537,13.034500010072685,,
167.282424,,,,,,,2.607871000247151,13.039355001235755,,
183.877611,,,,,,,2.608771000024564,13.04385500012282,,
202.132627,,,,,,,2.6096040000019367,13.048020000009684,,
222.213436,,,,,,,2.610373000000118,13.051865000000591,,
244.302598,,,,,,,2.6110840000000053,13.055420000000026,,
268.600929,,,,,,,2.611739,13.058695,,
295.329328,,,,,,,2.6123420000000004,13.061710000000001,,
324.730785,,,,,,,2.6128970000000002,13.064485000000001,,
357.07259,,,,,,,2.613407,13.067035,,
392.648762,,,,,,,2.6138749999999997,13.069374999999999,,
431.782725,,,,,,,2.6143039999999997,13.07152,,
474.830242,,,,,,,2.614697,13.073485,,
522.182658,,,,,,,2.6150580000000003,13.075290000000003,,
574.27045,,,,,,,2.615387,13.076935,,
631.567145,,,,,,,2.615689,13.078445,,
694.593624,,,,,,,2.615965,13.079825,,
763.922855,,,,,,,2.616217,13.081084999999998,,
840.185106,,,,,,,2.616447,13.082235,,
924.073668,,,,,,,2.616657,13.083285,,
1016.351168,,,,,,,2.616849,13.084245000000001,,
1117.856491,,,,,,,2.617024,13.08512,,
1229.512413,,,,,,,2.617184,13.08592,,
1352.33399,,,,,,,2.617329,13.086644999999999,,
1487.437779,,,,,,,2.6174619999999997,13.087309999999999,,
1636.052,,,,,,,2.6175829999999998,13.087914999999999,,
1799.527688,,,,,,,2.617693,13.088465,,
1979.350989,,,,,,,2.6177930000000003,13.088965000000002,,
2177.156658,,,,,,,2.6178850000000002,13.089425000000002,,
2394.74293,,,,,,,2.617968,13.089839999999999,,
2634.087862,,,,,,,2.6180440000000003,13.090220000000002,,
2897.367316,,,,,,,2.618112,13.09056,,
3186.974742,,,,,,,2.6181750000000004,13.090875000000002,,
3505.542936,,,,,,,2.618232,13.091159999999999,,
3855.967971,,,,,,,2.6182839999999996,13.091419999999998,,
4241.43553,,,,,,,2.6183319999999997,13.091659999999997,,
4665.449863,,,,,,,2.6183750000000003,13.091875000000002,,
5131.865647,,,,,,,2.618414,13.09207,,
5644.923024,,,,,,,2.61845,13.09225,,
6209.286153,,,,,,,2.618482,13.092410000000001,,
6830.085607,,,,,,,2.6185110000000003,13.092555,,
7512.965019,,,,,,,2.618538,13.092690000000001,,
8264.132382,,,,,,,2.618563,13.092815,,
9090.416491,,,,,,,2.6185850000000004,13.092925000000001,,
9999.32902,,,,,,,2.6186049999999996,13.093024999999997,,
10999.132809,,,,,,,2.6186230000000004,13.093115000000001,,
12098.916985,,,,,,,2.6186399999999996,13.093199999999998,,
13308.679584,,,,,,,2.618655,13.093275,,
14639.41845,,,,,,,2.6186689999999997,13.093345,,
16103.231208,,,,,,,2.6186819999999997,13.093409999999999,,
17713.425246,,,,,,,2.6186930000000004,13.093465000000002,,
19484.638692,,,,,,,2.618703,13.093515,,
21432.973488,,,,,,,2.6187129999999996,13.093564999999998,,
23576.141766,,,,,,,2.618721,13.093605,,
25933.626876,,,,,,,2.618729,13.093645,,
28526.8605,,,,,,,2.6187359999999997,13.093679999999999,,
31379.417488,,,,,,,2.6187430000000003,13.093715000000001,,
34517.230179,,,,,,,2.618749,13.093745000000002,,
37968.824141,,,,,,,2.618754,13.09377,,
41765.577501,,,,,,,2.618759,13.093795,,
45942.006198,,,,,,,2.618763,13.093815,,
50536.077768,,,,,,,2.6187669999999996,13.093834999999999,,
55589.556496,,,,,,,2.6187709999999997,13.093854999999998,,
61148.383098,,,,,,,2.618774,13.09387,,
67263.092361,,,,,,,2.6187769999999997,13.093884999999998,,
73989.272553,,,,,,,2.61878,13.093900000000001,,
81388.070764,,,,,,,2.6187820000000004,13.093910000000001,,
89526.748797,,,,,,,2.6187850000000004,13.093925000000002,,
98479.294635,,,,,,,2.618787,13.093935000000002,,
108327.095057,,,,,,,2.618789,13.093945,,
119159.675523,,,,,,,2.6187899999999997,13.09395,,
131075.514035,,,,,,,2.618792,13.09396,,
144182.936399,,,,,,,2.618793,13.093965,,
158601.101001,,,,,,,2.618794,13.093969999999999,,
174461.082063,,,,,,,2.6187959999999997,13.093979999999998,,
191907.061231,,,,,,,2.6187970000000003,13.093985000000002,,
211097.638317,,,,,,,2.618798,13.09399,,
232207.273112,,,,,,,2.618799,13.093995,,
255427.871386,,,,,,,2.618799,13.093995,,
280970.529489,,,,,,,2.6188000000000002,13.094000000000001,,
309067.453402,,,,,,,2.6188010000000004,13.094005000000003,,
339974.069706,,,,,,,2.6188010000000004,13.094005000000003,,
373971.347641,,,,,,,2.6188019999999996,13.094009999999997,,
411368.35337,,,,,,,2.6188019999999996,13.094009999999997,,
452505.059672,,,,,,,2.6188029999999998,13.094014999999999,,
497755.436604,,,,,,,2.6188029999999998,13.094014999999999,,
547530.85123,,,,,,,2.618804,13.09402,,
602283.807318,,,,,,,2.618804,13.09402,,
662512.059016,,,,,,,2.618804,13.09402,,
728763.135883,,,,,,,2.618804,13.09402,,
801639.320437,,,,,,,2.618805,13.094025,,
881803.123447,,,,,,,2.618805,13.094025,,
969983.306757,,,,,,,2.618805,13.094025,,
1066981.508399,,,,,,,2.618805,13.094025,,
0.0,,,,,,,,,,
0.009785,,,,,,,,,2.992019,17.952114
0.020661,,,,,,,,,2.983313,17.899878
0.032757,,,,,,,,,2.97382,17.84292
0.046225,,,,,,,,,2.9635100000000003,17.781060000000004
0.061231,,,,,,,,,2.952313,17.713878
0.077968,,,,,,,,,2.940174,17.641044
0.096651,,,,,,,,,2.927048,17.562288000000002
0.117525,,,,,,,,,2.9129010000000006,17.477406000000002
0.140865,,,,,,,,,2.897675,17.38605
0.166982,,,,,,,,,2.881356,17.288135999999998
0.196222,,,,,,,,,2.863931,17.183586
0.228971,,,,,,,,,2.845409,17.072454
0.265659,,,,,,,,,2.82582,16.95492
0.306754,,,,,,,,,2.805212,16.831272
0.352769,,,,,,,,,2.7836700000000003,16.70202
0.404261,,,,,,,,,2.761302,16.567812
0.461826,,,,,,,,,2.738215,16.429289999999998
0.5261,,,,,,,,,2.7145837999999998,16.2875028
0.597764,,,,,,,,,2.6905602,16.1433612
0.677536,,,,,,,,,2.6663274,15.9979644
0.766183,,,,,,,,,2.6420437999999997,15.852262799999998
0.864515,,,,,,,,,2.6178942,15.707365199999998
0.973397,,,,,,,,,2.59402,15.564119999999999
1.093749,,,,,,,,,2.5705754,15.4234524
1.226551,,,,,,,,,2.5476737,15.286042199999999
1.372846,,,,,,,,,2.5254291,15.152574600000001
1.533742,,,,,,,,,2.5039287,15.0235722
1.710416,,,,,,,,,2.4832504,14.899502400000001
1.904118,,,,,,,,,2.4634608,14.7807648
2.116176,,,,,,,,,2.4446105,14.667663000000001
2.348006,,,,,,,,,2.4267460000000005,14.560476000000003
2.601125,,,,,,,,,2.4098961,14.4593766
2.877171,,,,,,,,,2.3940865,14.364518999999998
3.177923,,,,,,,,,2.3793316,14.275989599999999
3.505335,,,,,,,,,2.3656308,14.1937848
3.861566,,,,,,,,,2.3529801,14.1178806
4.249015,,,,,,,,,2.3413546800000002,14.048128080000001
4.670363,,,,,,,,,2.33071298,13.98427788
5.12861,,,,,,,,,2.32101348,13.92608088
5.627116,,,,,,,,,2.3121933199999996,13.873159919999997
6.169638,,,,,,,,,2.3041910199999998,13.82514612
6.76037,,,,,,,,,2.2969408199999997,13.781644919999998
7.403976,,,,,,,,,2.2903634060000004,13.742180436000002
8.105634,,,,,,,,,2.284400334,13.706402004
8.871069,,,,,,,,,2.278989274,13.673935644
9.706608,,,,,,,,,2.274072612,13.644435672
10.61923,,,,,,,,,2.2695959849999996,13.617575909999998
11.616633,,,,,,,,,2.2655075667999998,13.593045400799998
12.707323,,,,,,,,,2.2617513918,13.570508350799999
13.900706,,,,,,,,,2.2582663573400006,13.549598144040004
15.207219,,,,,,,,,2.25498524998,13.529911499879999
16.638461,,,,,,,,,2.2518187015280002,13.510912209168001
18.207352,,,,,,,,,2.24866927847,13.492015670819999
19.928292,,,,,,,,,2.2454209863656,13.4725259181936
21.817315,,,,,,,,,2.2419565109221,13.4517390655326
23.892219,,,,,,,,,2.23815267766082,13.42891606596492
26.172659,,,,,,,,,2.233915917315248,13.403495503891488
28.680218,,,,,,,,,2.229163958137573,13.37498374882544
31.438466,,,,,,,,,2.2238805391583516,13.34328323495011
34.473069,,,,,,,,,2.218097030060209,13.308582180361256
37.811995,,,,,,,,,2.2119120355756685,13.271472213454011
41.485825,,,,,,,,,2.2054635836949603,13.232781502169761
45.528125,,,,,,,,,2.1989031316917305,13.193418790150382
49.975831,,,,,,,,,2.1923606517940044,13.154163910764026
54.869602,,,,,,,,,2.1859495758806675,13.115697455284005
60.254175,,,,,,,,,2.1797430932090776,13.078458559254464
66.178743,,,,,,,,,2.17378440602083,13.042706436124979
72.697381,,,,,,,,,2.1680956528000603,13.008573916800362
79.869538,,,,,,,,,2.1626859692620037,12.976115815572022
87.760574,,,,,,,,,2.1575578022219997,12.945346813331998
96.442367,,,,,,,,,2.1527056974812,12.9162341848872
105.993971,,,,,,,,,2.1481291525865998,12.888774915519598
116.502342,,,,,,,,,2.1438170291373604,12.862902174824162
128.063126,,,,,,,,,2.139764004824932,12.838584028949592
140.781532,,,,,,,,,2.135960000688076,12.815760004128457
154.773289,,,,,,,,,2.132398000083772,12.794388000502632
170.165696,,,,,,,,,2.1290660000085997,12.774396000051599
187.098783,,,,,,,,,2.1259560000007314,12.755736000004388
205.726577,,,,,,,,,2.1230570000000504,12.738342000000301
226.218507,,,,,,,,,2.1203590000000028,12.722154000000018
248.760945,,,,,,,,,2.117851,12.707106
273.558897,,,,,,,,,2.115523,12.693138000000001
300.837867,,,,,,,,,2.113365,12.68019
330.845909,,,,,,,,,2.1113679999999997,12.668207999999998
363.855881,,,,,,,,,2.109521,12.657126
400.167926,,,,,,,,,2.107815,12.646889999999999
440.112201,,,,,,,,,2.106241,12.637445999999999
484.051878,,,,,,,,,2.10479,12.62874
532.386447,,,,,,,,,2.1034550000000003,12.620730000000002
585.555347,,,,,,,,,2.102226,12.613356
644.041961,,,,,,,,,2.101096,12.606576
708.378011,,,,,,,,,2.100059,12.600354
779.148394,,,,,,,,,2.0991076,12.5946456
856.996498,,,,,,,,,2.0982352,12.5894112
942.630049,,,,,,,,,2.0974355,12.584613000000001
1036.82755,,,,,,,,,2.0967017,12.5802102
1140.445354,,,,,,,,,2.0960322000000002,12.576193200000002
1254.425454,,,,,,,,,2.095418,12.572508
1379.804041,,,,,,,,,2.0948576,12.5691456
1517.720928,,,,,,,,,2.0943438,12.5660628
1669.429914,,,,,,,,,2.0938772,12.563263200000002
1836.310176,,,,,,,,,2.0934483999999998,12.560690399999999
2019.878813,,,,,,,,,2.0930578,12.558346799999999
2221.804635,,,,,,,,,2.0927035,12.556220999999999
2443.923334,,,,,,,,,2.0923768000000003,12.554260800000002
2688.254175,,,,,,,,,2.0920822,12.5524932
2957.018351,,,,,,,,,2.0918119,12.550871400000002
3252.659173,,,,,,,,,2.0915656,12.5493936
3577.864287,,,,,,,,,2.0913407,12.5480442
3935.590105,,,,,,,,,2.0911355,12.546813
4329.088682,,,,,,,,,2.0909512,12.5457072
4761.937277,,,,,,,,,2.0907804,12.5446824
5238.07088,,,,,,,,,2.0906272,12.5437632
5761.817978,,,,,,,,,2.0904857,12.542914199999998
6337.939909,,,,,,,,,2.0903576999999998,12.542146199999998
6971.674146,,,,,,,,,2.0902425,12.541455
7668.781909,,,,,,,,,2.0901365,12.540818999999999
8435.600543,,,,,,,,,2.090039,12.540234
9279.101125,,,,,,,,,2.0899516,12.5397096
10206.951844,,,,,,,,,2.0898722,12.539233199999998
11227.587706,,,,,,,,,2.0897981,12.5387886
12350.287218,,,,,,,,,2.0897318,12.5383908
13585.256742,,,,,,,,,2.0896735,12.538041
14943.723271,,,,,,,,,2.0896174,12.537704399999999
16438.036503,,,,,,,,,2.089568,12.537408
18081.781102,,,,,,,,,2.0895224,12.5371344
19889.900202,,,,,,,,,2.0894808,12.5368848
21878.831249,,,,,,,,,2.0894446,12.536667600000001
24066.655435,,,,,,,,,2.0894103,12.5364618
26473.26207,,,,,,,,,2.0893796,12.5362776
29120.529396,,,,,,,,,2.089351,12.536106
32032.52348,,,,,,,,,2.0893262,12.535957199999999
35235.716996,,,,,,,,,2.0893026,12.5358156
38759.229884,,,,,,,,,2.0892809999999997,12.535685999999998
42635.09408,,,,,,,,,2.0892614000000003,12.535568400000002
46898.544714,,,,,,,,,2.0892449,12.5354694
51588.340427,,,,,,,,,2.0892289,12.535373400000001
56747.115725,,,,,,,,,2.0892137,12.535282200000001
62421.768566,,,,,,,,,2.0892001000000002,12.535200600000001
68663.886704,,,,,,,,,2.0891884000000003,12.535130400000002
75530.216665,,,,,,,,,2.0891777,12.5350662
83083.179633,,,,,,,,,2.089168,12.535008
91391.438907,,,,,,,,,2.089159,12.534953999999999
100530.524117,,,,,,,,,2.0891504000000003,12.534902400000002
110583.517854,,,,,,,,,2.0891442000000002,12.534865200000002
121641.810972,,,,,,,,,2.0891361,12.534816600000001
133805.933408,,,,,,,,,2.0891295000000003,12.534777000000002
147186.468094,,,,,,,,,2.0891247,12.534748200000001
161905.056253,,,,,,,,,2.0891197,12.5347182
178095.503232,,,,,,,,,2.0891156,12.5346936
195904.994914,,,,,,,,,2.089111,12.534666
215495.435767,,,,,,,,,2.0891075999999997,12.534645599999998
237044.920709,,,,,,,,,2.0891034,12.5346204
260749.354149,,,,,,,,,2.0890998,12.534598800000001
286824.230936,,,,,,,,,2.0890974,12.5345844
315506.595404,,,,,,,,,2.0890953,12.534571799999998
347057.196321,,,,,,,,,2.0890924,12.534554400000001
381762.857331,,,,,,,,,2.0890898,12.5345388
419939.084445,,,,,,,,,2.0890881,12.534528600000002
461932.934272,,,,,,,,,2.0890867,12.534520200000001
508126.169084,,,,,,,,,2.0890859,12.5345154
558938.727378,,,,,,,,,2.0890834,12.534500399999999
614832.541502,,,,,,,,,2.0890835,12.534501
676315.737041,,,,,,,,,2.0890816,12.5344896
743947.252134,,,,,,,,,2.0890803,12.5344818
818341.918738,,,,,,,,,2.0890793,12.5344758
900176.052002,,,,,,,,,2.0890786,12.5344716
990193.598595,,,,,,,,,2.0890782000000003,12.534469200000002
1089212.899847,,,,,,,,,2.0890758000000003,12.534454800000002
0.0,,,,,,,,,,
